a, b, no_cities, type, cost
1, 5, 100, EUCLIDEAN, 1733.6311925046673
1, 5, 50, EUCLIDEAN, 1140.1695617285568
1, 5, 200, EUCLIDEAN, 2438.083310486137